batch0-chieko-roeker-311,jonathan
batch0-christiane-kennady-783,colleen
batch0-wynell-milkent-764,graymail
batch0-gabriela-ivrin-248,darwin
batch0-genny-kroon-321,007007
batch0-buster-burchfiel-879,utopia
batch0-valentin-dominiguez-523,unicorn
batch0-rubin-aerts-760,flores
batch0-errol-wiser-531,131313
batch0-bryan-rapoza-782,kleenex
batch0-bulah-keehner-979,bubbles
batch0-beryl-eveler-426,western
batch0-king-haumesser-177,awesome
batch0-silvana-olivarres-219,oracle
batch0-cortez-sisneros-688,tacobell
batch0-lashay-cotrell-539,dragon1
batch0-frieda-scamardo-127,caroline
batch0-bunny-yasutomi-868,bamboo
batch0-jamal-drahos-716,random
batch0-roberto-tandetzke-779,maxwell
batch0-emelia-bakkum-143,heinlein
batch0-willy-tusler-655,tiffany
batch0-bev-burlock-400,1234567
batch0-kirstin-allerman-213,kramer
batch0-altha-brillhart-4,mishka
batch0-yolanda-cutty-513,skipper
batch0-kirstin-galam-666,raquel
batch0-dustin-tortu-751,nathan
batch0-dawna-burlingham-356,puneet
batch0-ahmad-rahmani-717,engine
batch0-forest-godines-372,christy
batch0-stephane-wendt-587,freedom
batch0-jeanne-dorough-59,ersatz
batch0-alia-cavaliere-237,active
batch0-marvin-homa-298,nathan
batch0-murray-perze-864,seven7
batch0-scottie-dibbern-78,dreams
batch0-sharice-hamway-862,blazer
batch0-lindy-pigman-801,lizard
batch0-shaquita-yeubanks-361,131313
batch0-lyndon-steffensmeier-93,homebrew
batch0-ryan-folz-217,kombat
batch0-yuri-ferrin-371,orlando
batch0-theda-gearon-630,frederic
batch0-dillon-baltrip-466,station
batch0-broderick-pihlaja-674,lakers
batch0-mario-valletta-396,training
batch0-cameron-nephew-380,richard
batch0-rupert-stthomas-338,cascade
batch0-jacquelyne-neblett-640,tarzan
batch0-dede-gucwa-872,church
batch0-samella-manginelli-916,malcolm
batch0-bruno-oilvares-851,morley
batch0-russell-bendle-951,hannah
batch0-noemi-buntjer-82,mission
batch0-nestor-scheiner-312,gretzky
batch0-gema-hamid-477,iguana
batch0-maximo-scarfi-447,maryjane
batch0-carlton-flitt-421,saskia
batch0-meta-willamson-857,december
batch0-guadalupe-mccullum-448,oranges
batch0-augustus-hatori-470,packard
batch0-cyndy-sapia-471,campanile
batch0-jeanine-rubbo-536,alicia
batch0-milda-emmett-865,louise
batch0-raleigh-chantler-338,michael.
batch0-deedee-madueno-819,asdfjkl;
batch0-delmar-raisin-143,singer
batch0-stacy-keawe-202,insane
batch0-ali-auricchio-856,penelope
batch0-orval-wilke-602,ncc1701
batch0-moses-tappeiner-708,puneet
batch0-rachal-ede-534,control
batch0-tiffanie-huland-738,gorgeous
batch0-dani-windus-835,oxford
batch0-qiana-zaki-463,theking
batch0-kindra-rinks-663,packer
batch0-rashad-nylund-859,dookie
batch0-burt-seykora-799,unicorn
batch0-zetta-dutel-758,coltrane
batch0-manual-pelletiu-788,gofish
batch0-gerry-heverin-409,hannah
batch0-emile-dillard-387,dexter
batch0-rea-henaire-301,mariposa
batch0-mauro-scee-586,firebird
batch0-staci-spanski-521,asdfgh
batch0-shae-sakurai-921,apache
batch0-alphonse-koba-689,sunday
batch0-hassan-brame-339,studly
batch0-melony-menhennett-864,redrum
batch0-rogelio-loatman-698,always
batch0-clarisa-orzech-677,galileo
batch0-kenny-macken-815,alicia
batch0-stephen-souffrant-696,stinky
batch0-steve-theiss-897,andrew
batch0-bertha-gianola-322,christopher
batch0-emmanuel-sweers-892,bandit
batch0-gregorio-wenner-136,sampler
batch0-eda-lievsay-518,retard
batch0-jeff-prezzia-20,digital1
batch0-davis-aycock-103,painless
batch0-mirian-friese-210,insane
batch0-adele-pedrotti-158,firebird
batch0-quinton-krochmal-728,osiris
batch0-denver-acuff-512,lambda
batch0-berniece-tkacik-367,beauty
batch0-oliva-surbaugh-139,topher
batch0-jovita-balak-4,napoleon
batch0-marget-klinge-680,purple
batch0-johnathan-llanos-842,gretzky
batch0-del-tookes-778,carolyn
batch0-odis-greto-668,nelson
batch0-rosella-modic-600,toyota
batch0-keven-janas-545,tucker
batch0-tyson-persons-438,hawaii
batch0-valorie-cofran-507,cleaner
batch0-isabell-anibal-586,pierce
batch0-caitlin-gelbowitz-151,reader
batch0-marty-shelvy-166,cascades
batch0-carina-fidsky-621,yomama
batch0-jorge-burnie-74,teacher
batch0-clarence-gunnels-406,fidelity
batch0-boyd-reznik-873,painter
batch0-janette-nowicki-944,hunting
batch0-sid-rydman-749,hamlet
batch0-chong-freeburg-414,violet
batch0-heath-folk-170,health
batch0-mabel-neuendorf-53,signature
batch0-renea-skolnick-900,windsurf
batch0-lucius-recek-627,cookies
batch0-carl-aas-118,teacher
batch0-garnett-burchell-845,phillips
batch0-bennett-seeton-907,bacchus
batch0-julio-kimura-701,nissan
batch0-linnie-fullenkamp-676,thomas
batch0-miles-krasnow-443,babies
batch0-odell-pavlosky-465,happyday
batch0-wade-rotert-385,shooter
batch0-daren-crenwelge-497,ranger
batch0-flossie-magan-466,robotech
batch0-pete-brieger-480,sailor
batch0-vanita-malin-322,sports
batch0-shane-geldmacher-461,bennett
batch0-dodie-villamarin-33,john316
batch0-ariel-salwasser-358,jackson
batch0-julienne-treasure-558,brooks
batch0-adell-ismay-722,markus
batch0-dianna-alsobrook-855,james1
batch0-lesley-lepage-565,gretchen
batch0-fernande-oehlenschlage-881,testtest
batch0-sha-wasylow-555,azerty
batch0-hsiu-lederman-989,evelyn
batch0-quinn-arnall-811,victory
batch0-leslie-kolic-931,piglet
batch0-elisa-roblodowski-675,angela
batch0-rima-kins-963,william
batch0-chelsie-beckel-619,rebels
batch0-jacqui-urquhart-319,elizabeth
batch0-sharyl-anon-810,scruffy
batch0-dannielle-desanto-192,student
batch0-basil-zachariah-598,frosty
batch0-william-topolansky-786,scarlet
batch0-brenton-leffers-202,plymouth
batch0-jere-westen-499,liverpoo
batch0-floretta-lada-682,12345678
batch0-melisa-dudleson-5,monkey
batch0-rhett-tupacyupanqui-539,arthur
batch0-selma-edmond-160,alphabet
batch0-curt-boeck-12,einstein
batch0-timothy-iachetta-765,yankees
batch0-tracey-balkey-216,hunting
batch0-cassandra-finnerty-765,passion
batch0-dario-berka-102,dorothy
batch0-burma-bucke-151,gertrude
batch0-johnathan-kasimis-297,stuart
batch0-emil-luersen-9,macintosh
batch0-kelley-klinkhammer-246,searchlores
batch0-lewis-lofties-938,swimmer
batch0-scottie-erie-403,button
batch0-earnest-kiltz-879,secret
batch0-eugene-hattley-271,giants
batch0-thurman-wallbrown-42,edinburgh
batch0-marna-ebrahimi-685,picture
batch0-fabiola-beandoin-831,aliens
batch0-lue-mostad-367,fletcher
batch0-tanner-hershnowitz-643,plover
batch0-hiedi-sansouci-446,mittens
batch0-antoine-hamway-226,peterson
batch0-brad-sayloe-346,raistlin
batch0-dione-hartse-560,surfer
batch0-odilia-chea-853,develop
batch0-oralee-helsley-594,frighten
batch0-tyrone-printers-96,falcon
batch0-romeo-erskin-734,dickhead
batch0-lura-nordlinger-563,cloclo
batch0-tracey-asai-634,polaris
batch0-marcos-section-362,ripple
batch0-tyron-gruening-495,cannon
batch0-alfonso-brank-510,sundance
batch0-hanna-matchen-427,lestat
batch0-yvone-bellomy-958,booger
batch0-michal-buntjer-585,jensen
batch0-dewey-bendis-25,evelyn
batch0-sheree-larue-506,winner
batch0-leonel-alfonzo-220,mountain
batch0-titus-mogush-931,reefer
batch0-angelic-klukken-87,summer
batch0-saul-westland-252,ronald
batch0-maximina-ninneman-980,caitlin
batch0-caitlin-damms-884,letter
batch0-wm-kettl-798,frederic
batch0-candra-tarter-394,malibu
batch0-dave-fallo-82,abigail
batch0-clement-sommer-297,mountain
batch0-janice-ellinger-962,mittens
batch0-berta-meihofer-647,tucker
batch0-myrtis-huckeba-451,dorothy
batch0-ilana-schierbrock-463,garlic
batch0-camille-mitchler-567,beethoven
batch0-fletcher-jaurequi-642,froggy
batch0-therese-dass-693,campbell
batch0-dannie-fagen-426,brandy
batch0-jimmy-meinders-44,nautica
batch0-vonda-wimpee-680,drizzt
batch0-danilo-pham-800,alphabet
batch0-horacio-strozier-792,snowbal
batch0-vernie-voice-288,freak1
batch0-ozell-novitsky-742,hibernia
batch0-jeffry-savocchia-524,undead
batch0-madge-woodward-342,pookie1
batch0-angila-orduno-27,monster
batch0-efrain-whitwell-357,georgia
batch0-sammy-cruff-46,cannon
batch0-elissa-myrie-146,elizabeth
batch0-maurice-duchow-346,redskin
batch0-ettie-escoe-185,engineer
batch0-duane-lomg-708,entropy
batch0-felton-lareau-185,birdie
batch0-brigid-neenan-676,praise
batch0-renae-daubendiek-168,compute
batch0-arlie-horkey-248,glacier
batch0-wally-goudie-809,deedee
batch0-neta-shones-807,dolphins
batch0-dusti-rayna-683,ginger
batch0-elisha-tringham-293,lindsey
batch0-jacquie-shapero-612,poiuyt
batch0-annalisa-degrass-735,sabrina
batch0-layne-dufer-465,skipper
batch0-brendon-lonon-545,newyork
batch0-efrain-ziebarth-529,dodger
batch0-joey-saile-872,couscous
batch0-harrison-yin-984,tardis
batch0-buster-reidel-658,raquel
batch0-takako-benders-346,columbia
batch0-antonia-hoffses-768,lizard
batch0-josue-beiswenger-388,ncc1701
batch0-emma-pasculli-776,shadows
batch0-sherice-lota-216,sampson
batch0-lakenya-darras-662,reading
batch0-justin-nunery-737,apollo
batch0-dario-garney-574,monica
batch0-silva-stewarts-585,racing
batch0-shaunda-mcelhany-961,alaska
batch0-vella-obregon-13,florida
batch0-christel-rebolledo-736,stella
batch0-ruby-pybus-110,bright
batch0-buck-caple-199,conrad
batch0-moshe-rahming-402,leslie
batch0-jess-pring-174,cardinal
batch0-jerold-kalupa-750,xfiles
batch0-lee-dauila-435,picard
batch0-kevin-scaglione-546,graphic
batch0-refugio-nalls-735,stephen
batch0-cathleen-dempewolf-388,chicago
batch0-kristian-keahey-860,broadway
batch0-diana-pittard-406,heather
batch0-edmundo-seykoski-497,merlin
batch0-josh-maltby-54,orchid
batch0-sylvester-lowder-84,sylvie
batch0-marybeth-teabo-486,flamingo
batch0-eugene-cowling-143,lincoln
batch0-mel-sellen-908,jackson
batch0-robbie-seecharran-378,vikings
batch0-frank-defina-190,fender
batch0-manuela-bagnoli-535,ronald
batch0-dawn-upton-973,rocket
batch0-tisha-fickle-372,caroline
batch0-lino-raggs-895,katherine
batch0-young-auslander-293,harley
batch0-tomas-halter-593,kimberly
batch0-alvin-witter-15,beverly
batch0-warren-contraras-279,hornet
batch0-jacqui-grella-883,cherry
batch0-rochel-yurkanin-611,molly1
batch0-anne-wegman-54,baseball
batch0-taren-gannoe-164,cocacola
batch0-bula-arno-753,access
batch0-brigette-gristede-25,sonics
batch0-jeff-muirhead-866,booster
batch0-tressa-skokowski-724,napoleon
batch0-jack-steinmiller-122,alyssa
batch0-ivan-eckis-618,warrior
batch0-rick-burgess-796,cassie
batch0-darci-barnet-823,sapphire
batch0-jae-gilmour-893,lestat
batch0-al-berka-420,steven
batch0-rubin-larowe-792,pierre
batch0-jacque-orlove-890,cougar
batch0-valencia-ouren-106,2welcome
batch0-bart-miggo-608,please
batch0-china-bitsuie-276,tiffany
batch0-magali-gingras-380,babies
batch0-bridgett-levesque-261,prince
batch0-gabriel-arenstam-81,frosty
batch0-erich-duclos-470,please
batch0-louis-mccolley-658,sheldon
batch0-bridget-tempe-632,logical
batch0-albert-keilholz-97,yvonne
batch0-mickey-molnar-420,property
batch0-andres-arendz-808,zhongguo
batch0-jamey-randzin-562,testing
batch0-bart-carbonara-132,pookie
batch0-freddie-levinthal-822,joseph
batch0-weldon-draghi-624,melissa
batch0-sparkle-kilmon-168,alison
batch0-shakira-caires-552,anderson
batch0-quinn-artice-213,before
batch0-hayley-sweany-837,ledzep
batch0-landon-waananen-936,jeffrey
batch0-iraida-toepke-678,kinder
batch0-niki-schrumpf-236,reading
batch0-walton-besares-239,stephani
batch0-khadijah-pritzker-793,dollars
batch0-migdalia-ophus-541,corwin
batch0-ingeborg-califf-533,pickle
batch0-rosalyn-basini-779,janice
batch0-asuncion-isaksen-460,montreal
batch0-jonell-davion-421,rascal
batch0-desiree-tavolacci-518,foobar
batch0-kathryne-stavish-768,florida
batch0-jaime-moskos-751,nelson
batch0-lashaun-caldera-984,696969
batch0-nicolas-poliquin-670,kramer
batch0-valorie-wolaver-326,supported
batch0-ron-kady-372,teddy1
batch0-chi-crutchfield-768,a1b2c3
batch0-trey-reiff-992,bigbird
batch0-victor-reyner-626,indigo
batch0-bertram-rayl-900,support
batch0-judie-lastinger-440,maddog
batch0-ignacio-clizbe-955,lindsey
batch0-normand-winlock-50,theboss
batch0-shila-reprogle-314,gonzales
batch0-alix-stader-55,science
batch0-julissa-wojtowich-369,footbal
batch0-shayne-bazner-139,valerie
batch0-colleen-guereca-302,icecream
batch0-gayle-vallow-162,sharon
batch0-cher-endlich-264,smooch
batch0-lionel-missler-497,playboy
batch0-trent-mallin-539,aikman
batch0-letty-baltzer-521,strider
batch0-antwan-granizo-300,matthew
batch0-nichole-urquidez-371,zachary
batch0-lula-trahern-436,alexande
batch0-kristopher-mix-163,edwina
batch0-hosea-bottini-517,easier
batch0-amberly-mcbrien-285,jesus1
batch0-wenona-feather-807,beverly
batch0-vernia-mickenheim-60,jordan23
batch0-wilbur-reichenback-274,harold
batch0-elena-bihm-570,reznor
batch0-chanel-mcgreal-640,elizabeth
batch0-newton-stlaurent-79,carrie
batch0-kermit-currey-857,include
batch0-vi-baizer-258,campanile
batch0-werner-kolarik-621,angels
batch0-chet-labrador-363,abcdefg
batch0-rudy-lahay-762,asshole
batch0-rolf-beedy-306,charlie1
batch0-mel-beckim-435,nicholas
batch0-christeen-sonny-405,lennon
batch0-arnoldo-eagan-224,rascal
batch0-luciano-baksh-263,paladin
batch0-stanton-brumfield-24,hunter
batch0-lashaunda-mincy-615,qwerty
batch0-bret-zagorski-844,phyllis
batch0-sheridan-pharris-455,xfiles
batch0-franklyn-fagle-625,elliot
batch0-valda-cummins-477,timothy
batch0-shayne-folino-7,alyssa
batch0-columbus-feeling-481,rachel
batch0-earnest-contrenas-89,cynthia
batch0-lisandra-landau-660,royals
batch0-debbra-malcomson-923,jacqueline
batch0-shenna-dinucci-304,beavis
batch0-petra-shieh-755,master
batch0-jeff-malaver-305,utility
batch0-deann-adler-872,wheels
batch0-bret-naki-190,lincoln
batch0-christian-kullas-802,orwell
batch0-stuart-greaver-945,mirage
batch0-lucy-demille-875,anvils
batch0-blossom-vanheusen-396,maveric
batch0-ozie-pechon-620,cherry
batch0-alonzo-peifer-647,electric
batch0-maryanna-pefferkorn-412,topher
batch0-rae-delagado-129,joseph
batch0-roselyn-wielgus-574,diamond
batch0-jeremiah-vaughner-649,depeche
batch0-yong-berulie-102,antonio
batch0-loyd-bottom-775,bigmac
batch0-maxie-buser-380,whatever
batch0-foster-swires-942,kristen
batch0-franklyn-tornabene-347,q1w2e3
batch0-debbi-wholly-988,theboss
batch0-dong-christain-823,mozart
batch0-rodrigo-vancil-807,market
batch0-elmo-hafeman-328,garfield
batch0-cleotilde-flugence-457,calvin
batch0-chang-garofano-612,katherine
batch0-charmain-steenbergen-847,maggie
batch0-lou-boast-635,robert1
batch0-cleo-banther-810,jackson
batch0-philip-parthemore-372,fishers
batch0-donnie-wimpey-509,winner
batch0-brittney-mcnellie-357,trevor
batch0-hannelore-yungclas-729,shuttle
batch0-angelo-zuleger-587,sailor
batch0-tangela-bourgeois-156,courtney
batch0-normand-cease-987,dickhead
batch0-samuel-buchser-868,huskers
batch0-robena-hendee-921,fishing
batch0-janae-bregon-382,retard
batch0-romaine-fanizzi-806,robinson
batch0-jack-fukuda-571,kristi
batch0-orval-ziebell-598,number9
batch0-vicente-heyde-280,fuckme
batch0-otha-mozena-582,spring
batch0-karena-berlove-36,reebok
batch0-kasie-tromp-523,samantha
batch0-vernon-lahaye-630,business
batch0-pat-anoe-218,deborah
batch0-bob-fergus-656,henderson
batch0-jesica-boissonnault-940,katherine
batch0-lamont-divens-704,toyota
batch0-boris-strayhand-18,farming
batch0-quincy-bracklin-381,tintin
batch0-keith-bottone-102,iguana
batch0-winter-botten-0,skipper
batch0-marco-surrette-511,biteme
batch0-antone-mcnairy-291,melanie
batch0-adelaida-diestler-183,include
batch0-wendell-laurila-602,grumpy
batch0-dallas-luci-418,amorphous
batch0-grisel-henagan-109,888888
batch0-dewey-bloomquist-725,blondie
batch0-alphonse-ostrov-897,dodger
batch0-franklin-matalka-518,nesbitt
batch0-leslie-mccage-264,master1
batch0-margaretta-foster-128,cantor
batch0-mose-kleinschmidt-192,basebal
batch0-suzann-cherubino-208,morgan
batch0-kaila-manasares-251,fishers
batch0-starla-perking-762,chris1
batch0-teofila-willies-781,panther
batch0-lilla-cislo-220,butler
batch0-king-gorenflo-236,telephone
batch0-chiquita-cabbagestalk-836,victor
batch0-kasey-eismann-911,williamsburg
batch0-gracia-buckwald-858,rosebud
batch0-jeanmarie-winfree-40,violet
batch0-arthur-schrieber-587,maurice
batch0-jarod-roberston-127,beatles
batch0-jeffry-gross-974,fireball
batch0-hassan-blayney-165,jimbob
batch0-staci-rima-496,blowme
batch0-tosha-batko-586,suzanne
batch0-dann-dul-656,metallic
batch0-fransisca-theophilus-351,burgess
batch0-ileen-school-831,washington
batch0-wade-dagostino-306,cccccc
batch0-perry-karry-621,topgun
batch0-jeannetta-hilado-246,memphis
batch0-alton-leukuma-294,dolphins
batch0-henry-mckearin-817,harold
batch0-clement-jakubik-795,aerobics
batch0-merlin-thepbanthao-544,gemini
batch0-edison-gerlt-407,volley
batch0-tonja-odiase-774,pentium
batch0-johnie-seielstad-599,hamster
batch0-otto-casady-689,spanish
batch0-alma-balagtas-185,minnie
batch0-max-wilderson-187,nicholas
batch0-raul-dengler-557,basketba
batch0-rickie-constable-60,apollo
batch0-barney-malm-471,dancer
batch0-logan-suddreth-990,rhonda
batch0-joanne-groft-370,america7
batch0-romelia-sisneros-85,99999999
batch0-hunter-senger-616,anchor
batch0-lino-hebel-110,station
batch0-karyl-veley-787,julian
batch0-macy-sutphen-883,nepenthe
batch0-danilo-waskin-59,amanda1
batch0-dorine-morak-490,marley
batch0-shaun-fleschner-668,orchid
batch0-burl-bomzer-563,sherry
batch0-elliott-ducatelli-316,golfing
batch0-prince-dedier-543,samuel
batch0-kristofer-komlos-216,viper1
batch0-johnathan-gilkerson-162,stingray
batch0-ralph-hekman-546,scorpion
batch0-fidel-saffer-582,celtics
batch0-marcene-millbern-759,raiders
batch0-hettie-keese-731,always
batch0-donn-degro-211,olivia
batch0-lue-casamayor-912,beauty
batch0-vivan-noy-648,phyllis
batch0-eleonora-vanderzwaag-195,malibu
batch0-alvera-crary-266,gardner
batch0-rivka-macclairty-385,quebec
batch0-alexa-riffle-505,juggle
batch0-bradford-grieshop-148,classroo
batch0-reynaldo-braunschweige-523,summer
batch0-modesta-brum-23,zaphod
batch0-rosaria-kliever-945,persimmon
batch0-grant-macwilliams-526,brandon
batch0-kurt-carideo-884,whateve
batch0-eugenio-neagle-99,public
batch0-adrian-canatella-233,duncan
batch0-aleida-weisiger-772,shithead
batch0-marilyn-krampe-757,bridge
batch0-page-devinney-773,rhonda
batch0-khalilah-smitherman-932,gabriell
batch0-linwood-haggen-280,danielle
batch0-jonathan-koegler-265,viking
batch0-lavelle-sabastian-83,aliens
batch0-cecile-beseau-377,veronica
batch0-lino-schau-224,shalom
batch0-peter-gelger-977,snuffy
batch0-marcelino-altadonna-886,taurus
batch0-frida-gubin-534,cynthia
batch0-verdell-sterman-466,wildcat
batch0-clay-worf-691,theatre
batch0-britt-tirado-899,mirror
batch0-kory-cairone-372,cloclo
batch0-tommye-chilsom-172,dolphins
batch0-stephan-erspamer-578,handily
batch0-kayce-caponigro-124,public
batch0-clementina-plutt-600,knights
batch0-galina-ellard-595,energy
batch0-claude-kibodeaux-977,adidas
batch0-rueben-falcioni-601,action
batch0-bob-noguchi-239,football
batch0-hae-service-580,cannon
batch0-theron-lortz-134,campanile
batch0-ela-neddo-6,mirror
batch0-merle-mroz-214,theresa
batch0-jaime-roswick-312,peewee
batch0-chuck-myerscough-641,boogie
batch0-clyde-stabler-363,sheldon
batch0-rosalva-desmond-418,carter
batch0-luna-murdough-357,squirt
batch0-deandre-clowdus-520,nascar
batch0-rickie-alapai-981,polynomial
batch0-beverley-sterlace-408,establish
batch0-virginia-cerio-432,fountain
batch0-ronnie-vugteveen-985,whateve
batch0-theodore-landrus-726,tanker
batch0-cordell-dorey-449,wisdom
batch0-landon-ostiguy-317,jeffrey
batch0-rosenda-daber-740,sunny1
batch0-erika-ven-439,welcome1
batch0-marylyn-ernspiker-486,elizabeth
batch0-annamaria-gersbach-795,stupid
batch0-katharina-okray-802,tanner
batch0-lazaro-aronow-195,easier
batch0-shaun-dambrosi-422,strangle
batch0-renaldo-newyear-971,frances
batch0-brunilda-agnelli-84,sanjose1
batch0-alene-morgado-849,runner
batch0-erasmo-jurado-420,reebok
batch0-takisha-beardmore-336,guitar
batch0-rodolfo-sedwick-891,richardson
batch0-cameron-vandriel-251,around
batch0-sam-oharroll-897,scooter
batch0-marcelene-camuso-275,magnum
batch0-dennis-sultani-729,dorothy
batch0-daniel-poppenhagen-812,dragon
batch0-ladawn-melstrom-906,edward
batch0-esteban-koerner-188,christia
batch0-loreta-krusemark-21,robotech
batch0-brett-galeas-31,coleman
batch0-loni-arnett-734,target
batch0-pasquale-michand-488,carrie
batch0-ariana-greenidge-591,vanilla
batch0-marcellus-palinski-774,brooke
batch0-sana-defino-985,vanilla
batch0-korey-wolsky-997,diablo
batch0-maureen-fluaitt-867,badger
batch0-temika-maxton-981,supported
batch0-josh-jarzombek-71,sydney
batch0-moses-bielicki-339,whisky
batch0-delena-stamps-496,ariadne
batch0-gayle-mathiason-819,williams
batch0-andreas-sanches-97,chipper
batch0-irvin-cadwell-99,dustin
batch0-chong-laditka-336,winter
batch0-keira-rudd-51,imperial
batch0-tatiana-whitton-358,groovy
batch0-antonette-danos-74,blaster
batch0-denae-khat-521,suzanne
batch0-margene-mcclane-450,cccccc
batch0-lizzette-rumfola-993,tweety
batch0-long-chavoustie-94,patricia
batch0-dennis-seefeld-66,thumper
batch0-margareta-adkerson-590,informix
batch0-deeanna-munoz-86,whatever
batch0-deanne-hagaman-108,phantom
batch0-reginald-auces-759,katherin
batch0-tommie-elliam-786,cantor
batch0-damon-parkin-402,eiderdown
batch0-howard-besch-630,medical
batch0-mistie-prowell-593,freddy
batch0-dominick-swiggett-538,dreams
batch0-janean-stoller-422,majordom
batch0-janice-pahler-909,butthead
batch0-jalisa-laronda-364,margaret
batch0-delphine-kaminski-868,marcus
batch0-lore-noullet-354,william
batch0-mac-hodos-793,jessica
batch0-kathrin-juhasz-14,nellie
batch0-johnson-bleyer-850,696969
batch0-perla-lewinski-205,amorphous
batch0-shawn-logoleo-151,telephone
batch0-merilyn-junius-127,caroline
batch0-rasheeda-macdougall-657,cloclo
batch0-petrina-stvictor-442,tarzan
batch0-sally-ratzlaff-685,christy
batch0-laureen-nici-145,gretzky
batch0-toby-lejeune-97,market
batch0-matha-deshler-967,hotdog
batch0-anton-levitt-153,smiths
batch0-lashaun-mee-694,rosemary
batch0-elwood-castagna-948,poiuyt
batch0-dorthey-criste-978,ariane
batch0-jed-winner-298,sidney
batch0-benito-rhyne-300,junebug
batch0-williams-onkst-805,stephanie
batch0-lan-erker-920,sossina
batch0-weldon-rerko-833,broncos
batch0-nubia-digioia-59,violet
batch0-antony-lothridge-761,patricia
batch0-hilton-wontor-529,indiana
batch0-maida-tront-124,montreal
batch0-dong-stumpe-422,duncan
batch0-reid-shurts-91,bailey
batch0-lilly-mccage-264,fozzie
batch0-emmitt-trager-654,cheese
batch0-dante-leveto-147,hal9000
batch0-odell-hofmans-48,babies
batch0-sena-bargen-559,signature
batch0-cary-strasters-677,elizabet
batch0-raelene-lyall-804,nebraska
batch0-karl-plaskett-898,webster
batch0-jody-knisley-474,spanky
batch0-matha-choulnard-723,lillian
batch0-shalonda-kempler-12,remote
batch0-patrina-perque-984,samuel
batch0-dane-wink-80,marshal
batch0-sammie-seivert-576,spring
batch0-mammie-cantoral-802,boogie
batch0-charlie-hieber-171,evelyn
batch0-johnie-falker-8,apache
batch0-florance-hemberger-17,q1w2e3
batch0-quintin-dolsen-659,patches
batch0-spencer-balwinski-521,weezer
batch0-cassaundra-dose-435,dominic
batch0-moises-landborg-167,cowboys
batch0-krysta-caguimbal-794,reality
batch0-noble-moodie-604,redskin
batch0-velda-mcgauley-723,butler
batch0-myles-huemmer-666,broadway
batch0-karyn-botton-436,sampson
batch0-shon-askari-683,chiquita
batch0-eleonore-uzzo-558,raistlin
batch0-lenard-berrong-863,maxime
batch0-willodean-ringelspaugh-186,electric
batch0-leonard-breutzmann-558,graham
batch0-sook-sages-946,connie
batch0-dwayne-inmon-968,control
batch0-carroll-kretzinger-169,natasha
batch0-jere-betti-469,henderson
batch0-chase-elson-437,kitten
batch0-domenic-spieler-120,hermes
batch0-sebastian-grondin-665,fiction
batch0-leigh-okin-668,olivier
batch0-jonathan-rack-925,button
batch0-luis-stockburger-299,olivier
batch0-gwyneth-pee-161,jamaica
batch0-johnny-grandner-613,entropy
batch0-frances-slye-370,rivera
batch0-delphine-finnefrock-519,include
batch0-dale-on-363,family
batch0-ehtel-pastorino-247,duncan
batch0-lenard-casali-249,wanker
batch0-joana-mohs-752,gilles
batch0-ellis-ary-786,kinder
batch0-johnny-saxe-940,racing
batch0-maple-zeledon-660,123123
batch0-delmer-sasson-699,silver
batch0-vania-kempt-743,frederic
batch0-terry-guess-290,zombie
batch0-gary-markunas-356,shannon
batch0-viola-ritenour-454,reggie
batch0-nana-geister-679,coyote
batch0-phil-rehler-118,bananas
batch0-tereasa-axton-739,sparrows
batch0-meri-santheson-662,garrett
batch0-norberto-neher-529,midori
batch0-trinidad-depaola-490,654321
batch0-brandon-hollingshed-323,sunshin
batch0-johnny-siggins-138,sheena
batch0-shawnda-ockey-473,patrick
batch0-boris-yance-242,austin
batch0-rich-gibes-105,letter
batch0-cecile-hyland-955,deadhead
batch0-graig-score-46,squirt
batch0-annalee-karpin-188,iceman
batch0-winnie-crays-311,catalog
batch0-merrill-beacom-200,brenda
batch0-noah-pirro-75,banana
batch0-bernard-mistrot-855,explorer
batch0-sang-foussell-652,supported
batch0-jerrold-tooms-535,clipper
batch0-sylvia-arguijo-164,banane
batch0-carlo-labranche-441,stephanie
batch0-derek-kolinski-62,hal9000
batch0-cory-bobby-757,montreal
batch0-breann-lope-807,yellow
batch0-cheryll-coma-163,gabriell
batch0-liza-langworthy-231,dookie
batch0-eric-gabriel-920,aggies
batch0-victorina-yidiaris-787,sylvia
batch0-deon-cornacchio-549,georgia
batch0-dorris-willingham-818,iguana
batch0-toni-prom-325,alexande
batch0-estelle-macneil-492,1sanjose
batch0-jeniffer-beat-786,creative
batch0-camellia-kearl-693,basketb
batch0-theron-baty-364,newuser
batch0-doyle-voedisch-31,fisher
batch0-laurence-sasala-978,nguyen
batch0-josue-biddulph-184,gibson
batch0-isaac-lauture-420,wilbur
batch0-lu-camidge-352,tattoo
batch0-natashia-pfeuffer-391,mazda1
batch0-stevie-jorge-740,raider
batch0-dione-nolazco-22,anthropogenic
batch0-salvador-brumlow-319,whatnot
batch0-lashawn-ehrismann-898,alpine
batch0-sheldon-beniquez-734,together
batch0-hildegard-longino-547,desperate
batch0-mamie-uimari-105,samson
batch0-filiberto-stansifer-331,rascal
batch0-wanita-hentze-44,diamond
batch0-howard-steely-842,mailer
batch0-maudie-filby-427,drought
batch0-alesha-washuk-455,wolverin
batch0-dorsey-piatak-975,mittens
batch0-billy-papanikolas-764,friends
batch0-kendrick-petronis-172,smiths
batch0-lamont-median-332,gonzalez
batch0-doyle-guffanti-320,snicker
batch0-martin-macha-231,newyork
batch0-roscoe-trapanese-216,nesbitt
batch0-tanner-nuckoles-565,larson
batch0-marry-holda-839,blackie
batch0-simon-lovingood-121,thunderb
batch0-domonique-wempe-366,desperate
batch0-aracelis-bergesen-657,kernel
batch0-ronald-tieszen-602,marshal
batch0-wilma-barga-161,johnny
batch0-jacob-monnot-483,wilbur
batch0-courtney-marco-470,sanchez
batch0-austin-cross-308,darren
batch0-charita-ursua-146,kenneth
batch0-tiffaney-cicalese-555,goalie
batch0-ronny-kokocinski-570,janice
batch0-willis-banchero-958,analog
batch0-judson-daimaru-426,bridge
batch0-tuan-bartkus-688,sampson
batch0-tom-honsberger-527,protozoa
batch0-numbers-holstrom-967,corrado
batch0-trang-leydecker-362,131313
batch0-janeen-alban-762,special
batch0-collin-magin-102,powell
batch0-erich-rochkes-222,alaska
batch0-tamekia-chino-744,sailor
batch0-sarah-weeda-745,protozoa
batch0-maurice-adank-791,gandalf
batch0-jaime-rogue-550,knicks
batch0-petronila-bemrich-585,brasil
batch0-russell-bergeman-41,ginger
batch0-dewey-rulon-232,polynomial
batch0-erwin-birkett-80,polaris
batch0-marisha-grosky-171,mishka
batch0-marth-deraney-375,christopher
batch0-reed-demyan-728,kennedy
batch0-cinda-shuffield-609,gocougs
batch0-jonas-litten-184,roberts
batch0-paris-manne-915,whateve
batch0-cherry-horseman-621,maveric
batch0-lupe-bicket-222,disney
batch0-robbie-ashburn-923,123456
batch0-loyd-sides-672,gymnast
batch0-devona-collar-528,david1
batch0-rudolph-grustas-388,snatch
batch0-modesto-lobos-472,amorphous
batch0-leslie-martiny-986,jason1
batch0-lacresha-baio-785,scheme
batch0-maryalice-bartolome-814,sampson
batch0-julio-zerzan-579,krystal
batch0-pat-browner-385,dollars
batch0-lorenzo-nowling-273,marley
batch0-telma-kinsolving-829,celica
batch0-janna-placide-618,cerulean
batch0-melynda-krahulec-687,hibernia
batch0-floyd-journeay-984,babylon5
batch0-iliana-wysock-398,poiuyt
batch0-camille-gallusser-546,voodoo
batch0-hassie-turtura-632,smashing
batch0-alejandro-lindzy-577,kennedy
batch0-trent-doller-509,thx1138
batch0-rosina-sundborg-410,nesbitt
batch0-claud-goosby-127,taylor
batch0-irwin-acors-914,simple
batch0-laverne-lantzy-502,tennis
batch0-don-umberger-522,tarragon
batch0-ailene-loshbaugh-286,maggie
batch0-federico-klemp-335,bullshit
batch0-dyan-peszynski-611,drizzt
batch0-scarlett-bolger-191,drizzt
batch0-columbus-baskette-91,sweets
batch0-derek-fausset-308,dodger
batch0-todd-mclaney-566,berkeley
batch0-melynda-eagleson-70,doobie
batch0-indira-ferrin-194,tweety
batch0-dorian-weinburg-608,fravia
batch0-rafael-householder-707,miranda
batch0-hilton-griffeth-737,doctor
batch0-cassidy-toh-113,banane
batch0-florentino-matuszewski-176,ncc1701d
batch0-flor-bartosh-225,station
batch0-shonna-gilly-210,orange
batch0-concetta-koebley-749,cascade
batch0-vance-lathon-486,george
batch0-shad-askam-126,tuesday
batch0-man-gilland-525,deliver
batch0-margie-wiuff-511,kristin
batch0-duncan-kobza-337,energy
batch0-sharika-fullerton-286,gambit
batch0-everett-neuenschwande-854,celine
batch0-vincenzo-guasp-283,maggie
batch0-george-redfern-506,compaq
batch0-fairy-cumiskey-351,tacobell
batch0-alvin-barz-209,blizzard
batch0-bernie-rodricks-207,tamara
batch0-seymour-orsborn-400,atmosphere
batch0-ginny-maggart-716,birdie
batch0-krystin-mauro-540,gardner
batch0-leanna-marcelle-35,animal
batch0-joey-bravo-238,supported
batch0-merrie-cotner-886,falcon
batch0-donny-coant-409,columbia
batch0-kalyn-speyer-138,cyrano
batch0-lucile-gutgesell-641,jensen
batch0-norris-werkhoven-661,because
batch0-marian-schackow-729,charlie1
batch0-ellis-ciccarelli-328,gryphon
batch0-deandra-kant-486,raider
batch0-burl-ruacho-10,niners
batch0-cecil-chryst-385,a1b2c3
batch0-king-rommel-70,garnet
batch0-roma-hogland-434,racing
batch0-layla-gutenberg-767,bumbling
batch0-fabian-rajaratnam-31,domino
batch0-vern-baldauf-249,tomcat
batch0-alexis-bergo-941,orange
batch0-kareen-varella-386,changeme
batch0-boyce-korpi-772,winner
batch0-ute-gunnerson-241,scotch
batch0-rebbeca-malehorn-767,sparky
batch0-latia-holliman-335,johnny
batch0-cornelia-hoel-532,freedom
batch0-hermelinda-khov-609,soccer
batch0-sonny-roam-2,sprite
batch0-jennefer-cuadrado-466,friends
batch0-arron-masood-20,ramirez
batch0-moshe-evick-185,tattoo
batch0-rigoberto-misra-975,theman
batch0-carlos-growden-62,superman
batch0-fabian-ellrod-802,griffey
batch0-mohammad-silverstein-269,margaret
batch0-emilio-valentine-814,iguana
batch0-cornell-juilfs-23,algebra
batch0-abigail-troll-642,apache
batch0-alvin-eison-97,weasel
batch0-lynnette-lasater-291,benoit
batch0-carman-horne-655,bernie
batch0-jules-maarx-82,maverick
batch0-kelsie-shetterly-210,python
batch0-madie-wolter-81,mouse1
batch0-boyce-boutwell-441,skipper
batch0-stephenie-hovnanian-28,tigers
batch0-lacey-wagener-526,disney
batch0-shaun-helle-80,blazer
batch0-felicitas-olivarra-781,stimpy
batch0-blake-quealy-502,fender
batch0-rowena-dallesandro-228,nirvana
batch0-roseann-leso-528,deadhead
batch0-lyman-kanoy-121,hootie
batch0-chelsea-guterrez-797,sunny1
batch0-humberto-rexrode-33,deliver
batch0-cyrus-miyose-929,moroni
batch0-kirsten-castro-200,kinder
batch0-arlean-bagozzi-656,camping
batch0-tomasa-cakanic-9,markus
batch0-jean-terrasas-296,rocket
batch0-milan-hoeke-500,fungible
batch0-darlene-trufin-218,money1
batch0-marco-kin-86,animal
batch0-mohamed-bouges-772,sunshine
batch0-cristin-fritchley-99,clover
batch0-devin-igles-72,marcus
batch0-terisa-itnyre-770,training
batch0-sharell-babeu-72,giants
batch0-vito-qiu-79,dolphins
batch0-luciano-thode-982,freedom
batch0-ronald-farah-357,joanna
batch0-larita-spinoso-387,enigma
batch0-harlan-dahman-317,zephyr
batch0-michell-teets-506,simmons
batch0-lessie-ninness-865,1234567
batch0-mary-lindelof-824,george
batch0-phillip-newhouse-826,stever
batch0-kathie-wilson-171,catalog
batch0-lavon-naputi-826,alexander
batch0-kirby-lapuerta-945,kristin
batch0-ebony-brodersen-24,sampson
batch0-dewayne-maril-874,lucky1
batch0-corinne-parlow-310,zhongguo
batch0-ronnie-netland-550,gambit
batch0-carter-brandorff-702,charlott
batch0-tracy-bliese-938,austin
batch0-sonny-oury-104,hansolo
batch0-walter-mccalebb-488,powell
batch0-billie-darroch-621,wolverin
batch0-graig-verhulst-427,star69
batch0-steve-mette-539,melissa
batch0-elmer-andreason-971,champion
batch0-coral-juneja-800,monica
batch0-ellis-wardrup-915,barbie
batch0-amberly-mchalffey-843,ramirez
batch0-ira-annen-487,phoenix1
batch0-leopoldo-sullins-640,bryant
batch0-becki-dilallo-616,pacific
batch0-berneice-kiko-287,corrado
batch0-enda-karella-374,louise
batch0-jere-dehay-999,precious
batch0-joesph-perault-667,gabriell
batch0-chas-saylee-122,fravia
batch0-chaya-lominy-892,action
batch0-katherin-underland-495,tequila
batch0-kareem-tucker-848,lawrence
batch0-sebastian-swist-524,fireman
batch0-pamala-laskoskie-902,conrad
batch0-jospeh-kimbley-882,orange
batch0-harriette-samples-810,asterix
batch0-moses-enders-533,bullshit
batch0-andres-renosky-91,stephanie
batch0-cleo-rancher-679,xavier
batch0-larue-wigton-812,shanti
batch0-errol-park-999,retard
batch0-novella-orsini-395,avatar
batch0-clair-wiewel-88,1q2w3e
batch0-tommie-mcnabb-120,whatever
batch0-deidra-rouillard-755,painless
batch0-milford-marquina-691,ib6ub9
batch0-lamont-zaverl-871,blaster
batch0-loyd-sarles-148,niners
batch0-derick-wickware-177,except
batch0-corrina-presho-9,chester
batch0-rasheeda-pellecchia-752,star69
batch0-sherell-merlin-345,front242
batch0-teodora-sterkenburg-895,vampire
batch0-carita-kister-915,angela1
batch0-alayna-flocke-177,huskers
batch0-sheryll-heiting-335,foster
